URL;/images/1-0-0-0-0-0-0-0-0-0-0-0-0_0_0_0_0_0
Page Title HTML;户型,户型装修图,小户型装修效果图大全2013图片,装修设计效果图-立邦 iColor官方网站
Meta Description;立邦iColor装修设计图库,精心挑选户型装修效果图片大全2013图片,方便您设计自己的户型装修效果图,满足您的个性化户型装修需求,更多户型装修效果图尽在立邦icolor官方网站
Meta Keywords;户型装修图片,小户型装修效果图大全2013图片,户型装修效果图大全,户型图,立邦icolor,icolor
URL;/images/0-0-0-0-0-0-0-19-0-0-0-0-0_0_0_0_0_0
Page Title HTML;费用,装修费用,装修设计效果图,装修效果图大全2013图片-立邦iColor官方网站
Meta Description;立邦 iColor装修设计图库,精心挑选装修费用2013装修图片大全,方便您设计自己的家居装修效果图,满足您的个性化装修需求,更多家居装修效果图尽在立邦icolor官方网站
Meta Keywords;费用装修图片,装修效果图,icolor,立邦icolor,装修费用,装修效果图大全2013图片
URL;/images/0-0-0-0-0-34-0-0-0-0-0-0-0_0_0_0_0_0
Page Title HTML;风格,装修风格分类,室内装修风格,装修设计效果图,装修效果图大全2013图片-立邦iColor官方网站
Meta Description;立邦 iColor装修设计图库,精心挑选室内装修风格2013装修效果图片大全,方便您设计自己的风格装修效果图,满足您的个性化装修风格需求,更多装修风格分类,装修效果图尽在立邦icolor官方网站
Meta Keywords;风格装修图片,装修效果图,装修风格分类,室内装修设计风格,icolor,立邦icolor
URL;/images/0-0-0-0-0-0-0-0-107-0-0-0-0_0_0_0_0_0
Page Title HTML;色彩,设计色彩,装修设计效果图,装修效果图大全2013图片-立邦iColor官方网站
Meta Description;立邦 iColor装修设计图库,精心挑选设计色彩2013装修效果图片大全,方便您设计自己的装修效果图,满足您的个性化色彩搭配装修设计需求,更多装修设计色彩,装修效果图尽在立邦icolor官方网站
Meta Keywords;色彩装修设计图片,装修效果图,设计色彩,装修效果图大全2013图片,立邦,icolor
URL;/images/0-0-0-82-0-0-0-0-0-0-0-0-0_0_0_0_0_0
Page Title HTML;空间装修效果图,装修装饰设计效果图大全2013图片-立邦iColor官方网站
Meta Description;立邦 iColor装修设计图库,精心挑选空间装修效果图片大全2013,方便您设计自己的空间装修效果图,满足您的个性化空间装修需求,更多空间装修效果图尽在立邦icolor官方网站
Meta Keywords;空间装修图片,装修效果图,空间装修设计,装修效果图大全2013图片,立邦,icolor
URL;/images/0-366-0-0-0-0-0-0-0-0-0-0-0_0_0_0_0_0
Page Title HTML;局部空间,空间装修设计,装修效果图-立邦iColor官方网站
Meta Description;立邦 iColor装修设计图库,精心挑选局部空间装修效果图片大全2013,方便您设计自己的局部空间装修效果图,满足您的个性化局部空间装修设计需求,更多局部空间装修效果图尽在立邦icolor官方网站
Meta Keywords;局部空间装修图片,装修效果图,局部空间装修设计,装修效果图大全2013图片,立邦,icolor
URL;/images/0-0-0-0-28-0-0-0-0-0-0-0-0_0_0_0_0_0
Page Title HTML;面积装修效果图,装修设计效果图大全2013图片-立邦iColor官方网站
Meta Description;立邦 iColor装修设计图库,精心挑选面积2013装修设计效果图片大全,方便您设计自己的面积装修效果图,满足您的个性化装修设计需求,更多面积装修效果图尽在立邦icolor官方网站
Meta Keywords;面积装修图片,装修效果图,面积装修设计,装修效果图大全2013图片,立邦,icolor
URL;/images/0-0-0-0-0-0-62-0-0-0-0-0-0_0_0_0_0_0
Page Title HTML;调性,装修效果图,装修设计效果图大全2013图片-立邦iColor官方网站
Meta Description;立邦iColor装修设计图库,精心挑选调性2013装修设计效果图片大全,方便您设计自己的调性装修效果图,满足您的个性化装修设计需求,更多调性装修效果图尽在立邦icolor官方网站
Meta Keywords;调性装修图片,装修效果图,调性装修设计,装修效果图大全2013图片,立邦,icolor
URL;/images/0-0-0-0-0-0-0-0-0-122-0-0-0_0_0_0_0_0
Page Title HTML;用途,装修效果图,装修设计效果图大全2013图片-立邦iColor官方网站
Meta Description;立邦 iColor装修设计图库,精心挑选用途2013装修设计效果图片大全,方便您设计自己的用途装修效果图,满足您的个性化装修需求,更多用途装修效果图尽在立邦icolor官方网站
Meta Keywords;用途装修图片,装修效果图,用途装修设计,装修效果图大全2013图片,立邦,icolor
URL;/images/0-0-0-0-0-0-0-0-0-0-127-0-0_0_0_0_0_0
Page Title HTML;人群,装修效果图,装修设计效果图大全2013图片- 立邦 iColor官方网站
Meta Description;立邦 iColor装修设计图库,精心挑选人群2013装修设计效果图片大全,方便您设计自己的装修效果图,满足您的个性化装修需求,更多人群装修效果图尽在立邦icolor官方网站
Meta Keywords;人群装修图片,装修效果图,人群装修设计,装修效果图大全2013图片,立邦,icolor
URL;/images/0-0-0-0-0-0-0-0-0-0-0-132-0_0_0_0_0_0
Page Title HTML;装修效果图,图片,房间装修图片,风格装修图片,家居装修图片-立邦iColor官方网站
Meta Description;立邦 iColor装修设计图库,精心挑选家居装修设计效果图片大全2013图片,方便您设计自己的家居风格图片装修效果图,满足您的个性化风格装修需求,更多房间装修效果图尽在立邦icolor官方网站
Meta Keywords;图片装修图片,装修效果图,装修设计图片,房间装修图片,家居风格图片,立邦,icolor
URL;/images/0-0-0-0-0-0-0-0-0-0-0-0-1_0_0_0_0_0
Page Title HTML;装修效果图大全最新2013、2013年室内装修效果图大全、家庭装修效果图 - 立邦 iColor 装修设计鉴赏、设计大师作品欣赏、访谈
Meta Description;立邦 iColor装修设计图库,提供近6万张最流行的装修效果图大全2013图片、室内装修效果图大全欣赏、装修风格鉴赏,展示丰富的客厅、厨房、卫生间、卧室、阳台等各种分类装修效果图,满足您的一切装修设计需求,更多室内家装设计效果图尽在立邦icolor官方网站
Meta Keywords;装修,装修设计,室内装修效果图大全,装修效果图,装修效果图大全2013图片,装修图片,装修风格,icolor,立邦icolor
URL;/images/0-0-241-0-0-0-0-0-0-0-0-0-0_0_0_0_0_0
Page Title HTML;儿童家具装修效果图,儿童家具设计效果图,儿童家具图片- 立邦icolor官方网站
Meta Description;立邦 iColor装修设计图库,精心挑选2013儿童家具装修图片大全,方便您设计自己的儿童家具装修效果图,满足您的个性化儿童家具装修需求,更多儿童家具装修效果图尽在立邦icolor官方网站
Meta Keywords;儿童家具装修图片,装修效果图,儿童家具图片,立邦icolor,icolor
URL;/images/0-0-307-0-0-0-0-0-0-0-0-0-0_0_0_0_0_0
Page Title HTML;整体橱柜装修效果图,整体橱柜设计效果图,,整体橱柜效果图,整体橱柜图片-立邦icolor官方网站
Meta Description;立邦 iColor装修设计图库,精心挑选2013整体橱柜装修图片大全,方便您设计自己的整体橱柜装修效果图,满足您的个性化整体橱柜装修需求,更多橱柜装修效果图尽在立邦icolor官方网站
Meta Keywords;整体橱柜装修图片,装修效果图,整体橱柜图片,整体橱柜效果图,立邦icolor,icolor
URL;/images/0-0-333-0-0-0-0-0-0-0-0-0-0_0_0_0_0_0
Page Title HTML;地板装修效果图,地板效果图,地板设计效果图 - 立邦icolor官方网站
Meta Description;立邦 iColor装修设计图库,精心挑选2013地板装修图片大全,方便您设计自己的地板装修效果图,满足您的个性化地板装修需求,更多地板装修效果图尽在立邦icolor官方网站
Meta Keywords;地板装修图片,装修效果图,地板装修,立邦icolor,icolor
URL;/images/0-0-315-0-0-0-0-0-0-0-0-0-0_0_0_0_0_0
Page Title HTML;淋浴房装修效果图,淋浴房效果图,淋浴房设计效果图-立邦icolor官方网站
Meta Description;立邦 iColor装修设计图库,精心挑选2013淋浴房装修效果图片大全,方便您设计自己的淋浴房装修效果图,满足您的个性化淋浴房装修需求,更多淋浴房装修效果图尽在立邦icolor官方网站
Meta Keywords;淋浴房装修图片,装修效果图,淋浴房装修设计效果图,立邦icolor,立邦,icolor
URL;/images/0-0-326-0-0-0-0-0-0-0-0-0-0_0_0_0_0_0
Page Title HTML;瓷砖装修效果图,瓷砖效果图,瓷砖设计效果图-立邦icolor官方网站
Meta Description;立邦iColor装修设计图库,精心挑选2013瓷砖装修图片大全,方便您设计自己的瓷砖装修效果图,满足您的个性化瓷砖装修设计需求,更多瓷砖装修效果图尽在立邦icolor官方网站
Meta Keywords;瓷砖装修图片,装修效果图,瓷砖装修设计效果图,icolor,立邦icolor
URL;/images/0-0-262-0-0-0-0-0-0-0-0-0-0_0_0_0_0_0
Page Title HTML;吊灯装修效果图,吊灯效果图,吊灯设计效果图-立邦icolor官方网站
Meta Description;立邦iColor装修设计图库,精心挑选2013吊灯装修图片大全,方便您设计自己的吊灯装修效果图,满足您的个性化吊灯装修设计需求,更多吊灯装修效果图尽在立邦icolor官方网站
Meta Keywords;吊灯装修图片,装修效果图,吊灯装修设计效果图,icolor,立邦icolor
URL;/images/0-0-346-0-0-0-0-0-0-0-0-0-0_0_0_0_0_0
Page Title HTML;窗装修效果图,窗效果图,窗设计效果图-立邦icolor官方网站
Meta Description;立邦 iColor装修设计图库,精心挑选2013窗装修图片大全,方便您设计自己的窗装修效果图,满足您的个性化窗装修需求,更多窗装修效果图尽在立邦icolor官方网站
Meta Keywords;窗装修图片,装修效果图,窗装修设计效果图,icolor,立邦icolor
URL;/images/0-0-270-0-0-0-0-0-0-0-0-0-0_0_0_0_0_0
Page Title HTML;窗帘装修效果图,窗帘效果图,窗帘设计效果图-立邦icolor官方网站
Meta Description;立邦 iColor装修设计图库,精心挑选2013窗帘装修图片大全,方便您设计自己的窗帘装修效果图,满足您的个性化窗帘装修需求,更多窗帘装修效果图尽在立邦icolor官方网站
Meta Keywords;窗帘装修图片,装修效果图,窗帘装修设计效果图,icolor,立邦icolor
URL;/images/0-0-280-0-0-0-0-0-0-0-0-0-0_0_0_0_0_0
Page Title HTML;涂料装修效果图,涂料效果图,涂料设计效果图-立邦icolor官方网站
Meta Description;立邦 iColor装修设计图库,精心挑选2013涂料装修图片大全,方便您设计自己的涂料装修效果图,满足您的个性化涂料装修需求,更多涂料装修效果图尽在立邦icolor官方网站
Meta Keywords;涂料装修图片,装修效果图,涂料装修设计效果图,icolor,立邦icolor
URL;/images/0-0-295-0-0-0-0-0-0-0-0-0-0_0_0_0_0_0
Page Title HTML;电视装修效果图,电视效果图,电视设计效果图-立邦icolor官方网站
Meta Description;立邦 iColor装修设计图库,精心挑选2013电视装修图片大全,方便您设计自己的电视装修效果图,满足您的个性化电视装修需求,更多电视装修效果图尽在立邦icolor官方网站
Meta Keywords;电视装修图片,装修效果图,电视装修设计效果图,icolor,立邦icolor
URL;/images/0-0-347-0-0-0-0-0-0-0-0-0-0_0_0_0_0_0
Page Title HTML;手机装修效果图,手机效果图,手机设计效果图-立邦icolor官方网站
Meta Description;立邦 iColor装修设计图库,精心挑选2013手机装修图片大全,方便您设计自己的手机装修效果图,满足您的个性化手机装修需求,更多手机装修效果图尽在立邦icolor官方网站
Meta Keywords;手机装修图片,装修效果图,手机装修设计效果图,icolor,立邦icolor
URL;/images/0-0-285-0-0-0-0-0-0-0-0-0-0_0_0_0_0_0
Page Title HTML;烛台装修效果图,烛台效果图,烛台设计效果图-立邦icolor官方网站
Meta Description;立邦 iColor装修设计图库,精心挑选2013烛台装修图片大全,方便您设计自己的烛台装修效果图,满足您的个性化烛台装修需求,更多烛台装修效果图尽在立邦icolor官方网站
Meta Keywords;烛台装修图片,装修效果图,烛台装修设计效果图,icolor,立邦icolor
URL;/images/0-0-344-0-0-0-0-0-0-0-0-0-0_0_0_0_0_0
Page Title HTML;健身器装修效果图,健身器效果图,健身器设计效果图-立邦icolor官方网站
Meta Description;立邦 iColor装修设计图库,精心挑选2013健身器装修图片大全,方便您设计自己的健身器装修效果图,满足您的个性化健身器装修需求,更多健身器装修效果图尽在立邦icolor官方网站
Meta Keywords;健身器装修图片,装修效果图,健身器装修设计效果图,icolor,立邦icolor
URL;/images/0-0-351-0-0-0-0-0-0-0-0-0-0_0_0_0_0_0
Page Title HTML;楼梯装修效果图,楼梯效果图,楼梯设计效果图-立邦icolor官方网站
Meta Description;立邦iColor装修设计图库,精心挑选2013楼梯装修图片大全,方便您设计自己的楼梯装修效果图,满足您的个性化楼梯装修需求,更多楼梯装修效果图尽在立邦icolor官方网站
Meta Keywords;楼梯装修图片,装修效果图,楼梯装修设计效果图,icolor,立邦icolor