新浪家居,家居论坛发帖详情页,http://www.icolor.com.cn/landing?source=1115_sina_win1,/winners
新浪家居,新浪家居样板间最终页,http://www.icolor.com.cn/landing?source=1115_sina_win2,/winners
新浪家居,家居全国首页,http://www.icolor.com.cn/landing?source=1115_sina_win3,/winners
新浪家居,网友家居秀首页,http://www.icolor.com.cn/landing?source=1115_sina_win4,/winners
新浪家居,家居图库,http://www.icolor.com.cn/landing?source=1115_sina_win5,/winners
新浪家居,家居产品首页,http://www.icolor.com.cn/landing?source=1115_sina_win6,/winners
新浪家居,家居论坛首页,http://www.icolor.com.cn/landing?source=1115_sina_win7,/winners
太平洋家居网,装饰,http://www.icolor.com.cn/landing?source=1115_taipingyang_win1,/winners
太平洋家居网,装饰,http://www.icolor.com.cn/landing?source=1115_taipingyang_win2,/winners
太平洋家居网,图库,http://www.icolor.com.cn/landing?source=1115_taipingyang_win3,/winners
太平洋家居网,装修,http://www.icolor.com.cn/landing?source=1115_taipingyang_win4,/winners
太平洋家居网,装修,http://www.icolor.com.cn/landing?source=1115_taipingyang_win5,/winners
搜房网,全国行业频道,http://www.icolor.com.cn/landing?source=1115_soufang_win1,/winners
搜房网,新闻详情页,http://www.icolor.com.cn/landing?source=1115_soufang_win2,/winners
搜房网,品牌论坛帖子详情页,http://www.icolor.com.cn/landing?source=1115_soufang_win3,/winners
搜房网,北京首页,http://www.icolor.com.cn/landing?source=1115_soufang_win4,/winners
搜房网,上海首页,http://www.icolor.com.cn/landing?source=1115_soufang_win5,/winners
搜房网,广州首页,http://www.icolor.com.cn/landing?source=1115_soufang_win6,/winners
搜房网,深圳首页,http://www.icolor.com.cn/landing?source=1115_soufang_win7,/winners
搜房网,天津首页,http://www.icolor.com.cn/landing?source=1115_soufang_win8,/winners
搜房网,重庆首页,http://www.icolor.com.cn/landing?source=1115_soufang_win9,/winners
搜房网,成都首页,http://www.icolor.com.cn/landing?source=1115_soufang_win10,/winners
搜房网,武汉首页,http://www.icolor.com.cn/landing?source=1115_soufang_win11,/winners
搜房网,杭州首页,http://www.icolor.com.cn/landing?source=1115_soufang_win12,/winners
搜房网,石家庄首页,http://www.icolor.com.cn/landing?source=1115_soufang_win13,/winners
搜房网,小区网,http://www.icolor.com.cn/landing?source=1115_soufang_win14,/winners
搜狐焦点网,搜狐家居装修大学首页第一通栏,http://www.icolor.com.cn/landing?source=1115_souhujiaodian_win1,/winners
搜狐焦点网,搜狐家居首页矩形,http://www.icolor.com.cn/landing?source=1115_souhujiaodian_win2,/winners
搜狐焦点网,搜狐家居设计师首页第一通栏右侧半通栏,http://www.icolor.com.cn/landing?source=1115_souhujiaodian_win3,/winners
搜狐焦点网,搜狐家居涂料频道首页第一通栏左侧半通栏,http://www.icolor.com.cn/landing?source=1115_souhujiaodian_win4,/winners
搜狐焦点网,搜狐家居新闻中心首页第一通栏左侧半通栏,http://www.icolor.com.cn/landing?source=1115_souhujiaodian_win5,/winners
搜狐焦点网,搜狐家居首页本地新闻内1号文字链,http://www.icolor.com.cn/landing?source=1115_souhujiaodian_win6,/winners
搜狐焦点网,搜狐家居首页导购帮手,http://www.icolor.com.cn/landing?source=1115_souhujiaodian_win7,/winners
搜狐焦点网,搜狐家居北京页面导购帮手,http://www.icolor.com.cn/landing?source=1115_souhujiaodian_win8,/winners
搜狐焦点网,装修总论坛帖子置顶区,http://www.icolor.com.cn/landing?source=1115_souhujiaodian_win9,/winners
搜狐焦点网,搜狐家居新闻中心首页第二通栏,http://www.icolor.com.cn/landing?source=1115_souhujiaodian_win10,/winners
搜狐焦点网,搜狐家居时尚饰家首页第一,http://www.icolor.com.cn/landing?source=1115_souhujiaodian_win11,/winners
搜狐焦点网,搜狐家居国际家居首页第二通栏,http://www.icolor.com.cn/landing?source=1115_souhujiaodian_win12,/winners
和家,和家首页-通栏3,http://www.icolor.com.cn/landing?source=1115_hejia_win1,/winners
和家,油漆涂料行业频道,http://www.icolor.com.cn/landing?source=1115_hejia_win2,/winners
和家,居尚终端页,http://www.icolor.com.cn/landing?source=1115_hejia_win3,/winners
和家,图文资讯终端页,http://www.icolor.com.cn/landing?source=1115_hejia_win4,/winners
装修点评网,首页图片轮播,http://www.icolor.com.cn/landing?source=1115_zhuangxiudianpin_win1,/winners
装修点评网,首页通长banner,http://www.icolor.com.cn/landing?source=1115_zhuangxiudianpin_win2,/winners
装修点评网,首页顶部banner,http://www.icolor.com.cn/landing?source=1115_zhuangxiudianpin_win3,/winners
装修点评网,色彩搭配,http://www.icolor.com.cn/landing?source=1115_zhuangxiudianpin_win4,/winners
装修点评网,客厅-内页右侧广告图片,http://www.icolor.com.cn/landing?source=1115_zhuangxiudianpin_win5,/winners
装修点评网,网友样板间,http://www.icolor.com.cn/landing?source=1115_zhuangxiudianpin_win6,/winners
装修点评网,设计师,http://www.icolor.com.cn/landing?source=1115_zhuangxiudianpin_win7,/winners
篱笆网,首页-我的篱笆,http://www.icolor.com.cn/landing?source=1115_pipawang_win1,/winners
篱笆网,材料·施工帖子详情页,http://www.icolor.com.cn/landing?source=1115_pipawang_win2,/winners
篱笆网,装修日记帖子详情页,http://www.icolor.com.cn/landing?source=1115_pipawang_win3,/winners